timestamp_ms,temp_c,humidity_pct,vibration_rms_g,dew_point_c,temp_gradient_c_per_min,mkt_c
2307,30.73,76.72,0.027,26.17,0.0000,30.73
2623,30.75,76.75,0.031,26.20,5.0716,30.74
2939,30.73,76.73,0.026,26.18,-3.5506,30.74
3255,30.75,76.77,0.026,26.20,4.0576,30.74
3571,30.73,76.73,0.030,26.17,-5.5786,30.74
3887,30.75,76.73,0.028,26.19,4.5632,30.74
4203,30.77,76.75,0.020,26.21,3.0435,30.74
4519,30.76,76.73,0.019,26.20,-1.0140,30.75
4835,30.78,76.73,0.026,26.22,3.5491,30.75
5151,30.76,76.72,0.025,26.20,-3.5491,30.75
5467,30.75,76.72,0.029,26.19,-1.5211,30.75
5783,30.78,76.70,0.022,26.22,5.5772,30.75
6099,30.76,76.68,0.028,26.19,-3.5491,30.75
6415,30.76,76.70,0.026,26.20,0.0000,30.75
6731,30.79,76.69,0.025,26.23,6.0842,30.76
7047,30.78,76.65,0.030,26.20,-3.0421,30.76
7363,30.80,76.64,0.028,26.22,3.5491,30.76
7679,30.79,76.63,0.025,26.21,-1.5211,30.76
7995,30.79,76.60,0.024,26.20,0.0000,30.76
8311,30.79,76.60,0.025,26.20,0.0000,30.76
8627,30.80,76.61,0.027,26.21,2.0281,30.77
8943,30.80,76.58,0.019,26.21,0.0000,30.77
9259,30.81,76.59,0.032,26.22,1.5211,30.77
9575,30.82,76.60,0.022,26.23,2.0281,30.77
9891,30.80,76.54,0.025,26.20,-3.5491,30.77
10207,30.79,76.57,0.026,26.20,-1.5211,30.77
10523,30.81,76.53,0.023,26.21,4.0561,30.78
10839,30.80,76.55,0.028,26.20,-2.0281,30.78
11155,30.81,76.52,0.023,26.20,1.5211,30.78
11471,30.82,76.52,0.026,26.22,2.5351,30.78
11787,30.83,76.53,0.023,26.22,0.5070,30.78
12103,30.83,76.50,0.025,26.22,0.5070,30.78
12419,30.82,76.50,0.026,26.20,-2.5351,30.78
12735,30.84,76.50,0.022,26.23,5.0702,30.78
13051,30.83,76.48,0.027,26.21,-3.0421,30.79
13367,30.83,76.47,0.029,26.21,1.0140,30.79
13683,30.83,76.44,0.029,26.20,-0.5070,30.79
13999,30.83,76.44,0.023,26.21,0.5070,30.79
14315,30.82,76.46,0.022,26.20,-2.0281,30.79
14631,30.86,76.46,0.026,26.24,7.0982,30.79
14947,30.85,76.44,0.024,26.22,-2.0281,30.79
15263,30.87,76.43,0.022,26.24,4.0561,30.80
15579,30.85,76.41,0.026,26.21,-4.5632,30.80
15895,30.85,76.38,0.024,26.21,0.0000,30.80
16211,30.83,76.39,0.025,26.19,-3.5491,30.80
16527,30.86,76.37,0.031,26.22,6.5912,30.80
16843,30.84,76.39,0.022,26.20,-4.0561,30.80
17159,30.82,76.38,0.026,26.19,-3.0421,30.80
17475,30.84,76.39,0.025,26.21,3.5491,30.80
17791,30.84,76.39,0.022,26.20,-0.5070,30.80
18107,30.84,76.37,0.025,26.20,-0.5070,30.80
18423,30.83,76.37,0.023,26.19,-1.5211,30.80
18739,30.85,76.37,0.022,26.21,4.5632,30.80
19055,30.85,76.38,0.024,26.22,0.0000,30.81
19371,30.81,76.36,0.020,26.17,-8.1123,30.81
19687,30.83,76.36,0.025,26.18,3.0421,30.81
20003,30.85,76.38,0.023,26.21,3.5491,30.81
20319,30.84,76.37,0.028,26.20,-0.5070,30.81
20635,30.84,76.38,0.020,26.20,0.0000,30.81
20951,30.83,76.35,0.027,26.19,-2.0281,30.81
21267,30.84,76.38,0.021,26.20,2.0281,30.81
21583,30.85,76.39,0.026,26.22,2.0281,30.81
21899,30.85,76.38,0.023,26.21,-0.5070,30.81
22215,30.86,76.39,0.025,26.22,1.0140,30.81
22531,30.84,76.36,0.029,26.20,-3.5491,30.81
22847,30.87,76.40,0.030,26.24,6.5912,30.81
23163,30.83,76.37,0.025,26.19,-8.1123,30.81
23479,30.83,76.35,0.026,26.19,1.0140,30.81
23795,30.84,76.37,0.019,26.20,1.5211,30.81
24111,30.85,76.37,0.023,26.21,1.5211,30.81
24427,30.82,76.37,0.029,26.18,-5.5772,30.81
24743,30.85,76.35,0.026,26.21,5.5772,30.81
25059,30.82,76.38,0.022,26.18,-6.5912,30.81
25375,30.85,76.35,0.025,26.21,7.0982,30.82
25691,30.83,76.36,0.020,26.19,-4.0561,30.82
26007,30.84,76.35,0.022,26.20,2.0281,30.82
26323,30.84,76.35,0.025,26.19,-0.5070,30.82
26639,30.83,76.37,0.022,26.19,-2.5351,30.82
26955,30.84,76.38,0.026,26.20,3.0421,30.82
27271,30.83,76.38,0.031,26.19,-2.0281,30.82
27587,30.84,76.39,0.028,26.21,2.0281,30.82
27903,30.83,76.36,0.022,26.19,-2.0281,30.82
28219,30.85,76.38,0.026,26.21,2.5351,30.82
28535,30.84,76.38,0.028,26.20,-1.0140,30.82
28851,30.84,76.35,0.024,26.20,0.5070,30.82
29167,30.83,76.37,0.026,26.19,-2.5351,30.82
29483,30.85,76.39,0.028,26.21,3.0421,30.82
29799,30.85,76.40,0.027,26.22,1.0140,30.82
30115,30.84,76.38,0.024,26.20,-1.5211,30.82
30431,30.84,76.39,0.024,26.20,-0.5070,30.82
30747,30.83,76.39,0.026,26.20,-1.5211,30.82
31063,30.84,76.39,0.028,26.20,1.5211,30.82
31379,30.83,76.37,0.019,26.19,-1.5211,30.82
31695,30.85,76.39,0.029,26.22,4.0561,30.82
32011,30.84,76.40,0.028,26.21,-2.0281,30.82
32327,30.85,76.39,0.021,26.22,2.0281,30.82
32643,30.86,76.37,0.025,26.22,0.5070,30.82
32959,30.85,76.38,0.023,26.21,-1.5211,30.82
33275,30.83,76.42,0.022,26.20,-3.0421,30.82
33591,30.85,76.37,0.025,26.21,3.0421,30.82
33907,30.84,76.40,0.025,26.21,-1.0140,30.82
34223,30.82,76.37,0.024,26.18,-4.0561,30.82
34539,30.85,76.38,0.027,26.21,4.5632,30.82
34855,30.83,76.39,0.022,26.19,-3.0421,30.82
35171,30.84,76.39,0.024,26.21,2.5351,30.82
35487,30.83,76.40,0.023,26.20,-1.5211,30.82
35803,30.85,76.39,0.028,26.21,2.0281,30.82
36119,30.85,76.39,0.022,26.21,0.0000,30.82
36435,30.84,76.38,0.024,26.20,-1.5211,30.82
36751,30.85,76.39,0.025,26.21,1.5211,30.82
37067,30.83,76.39,0.024,26.20,-2.5351,30.82
37383,30.86,76.41,0.024,26.22,4.5632,30.82
37699,30.86,76.39,0.026,26.23,1.5211,30.82
38015,30.85,76.38,0.021,26.21,-2.0281,30.82
38331,30.86,76.39,0.023,26.22,1.0140,30.82
38647,30.85,76.38,0.023,26.21,-2.0281,30.82
38963,30.87,76.38,0.025,26.23,4.5632,30.83
39279,30.84,76.41,0.023,26.21,-5.5772,30.83
39595,30.85,76.37,0.025,26.21,2.0281,30.83
39911,30.85,76.38,0.032,26.21,0.0000,30.83
40227,30.85,76.37,0.023,26.21,-1.0140,30.83
40543,30.86,76.38,0.024,26.22,2.0281,30.83
40859,30.86,76.36,0.028,26.21,-0.5070,30.83
41175,30.87,76.38,0.022,26.23,3.0421,30.83
41491,30.85,76.36,0.023,26.20,-4.5632,30.83
41807,30.85,76.33,0.028,26.20,-0.5070,30.83
42123,30.85,76.35,0.023,26.20,0.0000,30.83
42439,30.87,76.35,0.025,26.23,5.0702,30.83
42755,30.87,76.35,0.022,26.22,-0.5070,30.83
43071,30.86,76.33,0.024,26.21,-2.5351,30.83
43387,30.85,76.34,0.026,26.20,-1.5211,30.83
43703,30.87,76.33,0.027,26.22,4.5632,30.83
44019,30.86,76.32,0.027,26.21,-1.5211,30.83
44335,30.86,76.28,0.024,26.20,0.0000,30.83
44651,30.87,76.31,0.022,26.21,1.0140,30.83
44967,30.87,76.28,0.022,26.21,1.0140,30.83
45283,30.89,76.29,0.023,26.23,3.5491,30.83
45599,30.90,76.27,0.031,26.23,0.5070,30.83
45915,30.86,76.27,0.022,26.20,-7.0982,30.83
46231,30.89,76.27,0.025,26.23,6.0842,30.83
46547,30.88,76.28,0.027,26.22,-2.0281,30.83
46863,30.91,76.27,0.025,26.24,5.0702,30.83
47179,30.91,76.25,0.021,26.25,1.5211,30.83
47495,30.89,76.26,0.023,26.23,-4.0561,30.83
47811,30.90,76.23,0.027,26.23,1.5211,30.83
48127,30.91,76.25,0.025,26.24,1.5211,30.83
48443,30.89,76.22,0.023,26.22,-3.0421,30.83
48759,30.91,76.22,0.026,26.23,3.0421,30.84
49075,30.89,76.21,0.022,26.21,-3.5491,30.84
49391,30.90,76.21,0.027,26.22,1.5211,30.84
49707,30.90,76.23,0.026,26.23,0.5070,30.84
50023,30.88,76.21,0.025,26.21,-3.5491,30.84
50339,30.87,76.22,0.023,26.20,-1.5211,30.84
50655,30.86,76.21,0.023,26.18,-3.0421,30.84
50971,30.85,76.22,0.025,26.18,-1.0140,30.84
51287,30.89,76.21,0.024,26.21,6.0842,30.84
51603,30.89,76.24,0.027,26.22,1.5211,30.84
51919,30.87,76.21,0.023,26.19,-4.5632,30.84
52235,30.89,76.22,0.044,26.21,4.0561,30.84
52551,30.88,76.22,0.025,26.20,-2.0281,30.84
52867,30.87,76.25,0.029,26.20,-2.0281,30.84
53183,30.89,76.23,0.026,26.22,4.0561,30.84
53499,30.88,76.23,0.031,26.20,-2.5351,30.84
53815,30.88,76.22,0.027,26.21,1.0140,30.84
54131,30.90,76.23,0.026,26.23,3.5491,30.84
54447,30.89,76.24,0.023,26.22,-1.5211,30.84
54763,30.91,76.25,0.025,26.24,3.0421,30.84
55079,30.87,76.20,0.026,26.19,-7.0982,30.84
55395,30.91,76.23,0.023,26.23,6.5912,30.84
55711,30.90,76.24,0.027,26.23,-0.5070,30.84
56027,30.90,76.25,0.020,26.23,-1.5211,30.84
56343,30.88,76.24,0.020,26.21,-2.5351,30.84
56659,30.91,76.20,0.026,26.23,5.5772,30.84
56975,30.88,76.19,0.025,26.20,-6.0842,30.84
57291,30.91,76.22,0.028,26.23,5.0702,30.84
57607,30.89,76.23,0.024,26.22,-3.0421,30.84
57923,30.89,76.22,0.025,26.21,-0.5070,30.84
58239,30.89,76.21,0.027,26.21,0.5070,30.84
58555,30.90,76.22,0.021,26.22,2.0281,30.84
58871,30.90,76.21,0.023,26.22,0.0000,30.84
59187,30.88,76.21,0.028,26.20,-4.0561,30.84
59503,30.90,76.22,0.023,26.22,3.0421,30.85
59819,30.92,76.22,0.020,26.24,4.5632,30.85
60135,30.92,76.22,0.025,26.24,0.0000,30.85
60451,30.89,76.22,0.028,26.21,-5.5772,30.85
60767,30.93,76.22,0.027,26.25,7.6053,30.85
61083,30.90,76.22,0.027,26.22,-6.0842,30.85
61399,30.92,76.22,0.023,26.24,4.0561,30.85
61715,30.93,76.18,0.023,26.25,2.5351,30.85
62031,30.91,76.20,0.024,26.23,-3.5491,30.85
62347,30.91,76.18,0.023,26.23,-0.5070,30.85
62663,30.92,76.17,0.025,26.23,1.5211,30.85
62979,30.93,76.17,0.026,26.24,1.5211,30.85
63295,30.93,76.17,0.019,26.25,1.0140,30.85
63611,30.92,76.17,0.029,26.23,-3.0421,30.85
63927,30.92,76.15,0.030,26.23,0.0000,30.85
64243,30.92,76.15,0.028,26.23,0.5070,30.85
64559,30.93,76.17,0.022,26.24,1.5211,30.85
64875,30.91,76.17,0.028,26.23,-3.0421,30.85
65191,30.91,76.15,0.023,26.22,0.0000,30.85
65507,30.92,76.15,0.021,26.23,1.0140,30.85
65823,30.92,76.16,0.026,26.23,0.0000,30.85
66139,30.90,76.12,0.027,26.21,-2.5351,30.85
66455,30.90,76.12,0.026,26.21,0.0000,30.85
66771,30.92,76.16,0.026,26.23,3.5491,30.85
67087,30.94,76.14,0.025,26.24,2.5351,30.85
67403,30.92,76.13,0.025,26.22,-3.0421,30.85
67719,30.91,76.15,0.021,26.22,-2.0281,30.85
68035,30.94,76.18,0.021,26.25,5.5772,30.85
68351,30.92,76.15,0.024,26.23,-3.5491,30.86
68667,30.91,76.15,0.023,26.22,-2.5351,30.86
68983,30.93,76.14,0.023,26.24,4.5632,30.86
69299,30.94,76.16,0.026,26.25,1.5211,30.86
69615,30.93,76.13,0.026,26.24,-1.0140,30.86
69931,30.93,76.15,0.026,26.24,0.0000,30.86
70247,30.95,76.15,0.027,26.26,4.0561,30.86
70563,30.94,76.14,0.025,26.24,-3.5491,30.86
70879,30.92,76.11,0.025,26.22,-3.5491,30.86
71195,30.92,76.13,0.022,26.23,1.0140,30.86
71511,30.93,76.15,0.026,26.24,2.0281,30.86
71827,30.94,76.12,0.024,26.24,2.0281,30.86
72143,30.94,76.13,0.023,26.24,-1.0140,30.86
72459,30.94,76.12,0.025,26.24,0.5070,30.86
72775,30.94,76.10,0.024,26.23,-1.0140,30.86
73091,30.97,76.10,0.029,26.26,5.5772,30.86
73407,30.97,76.10,0.020,26.27,1.5211,30.86
73723,30.96,76.11,0.020,26.25,-3.0421,30.86
74039,30.98,76.10,0.025,26.28,5.0702,30.86
74355,30.99,76.10,0.023,26.29,1.5211,30.86
74671,30.97,76.08,0.023,26.26,-3.5491,30.86
74987,30.96,76.06,0.023,26.25,-2.5351,30.86
75303,30.97,76.07,0.022,26.26,2.5351,30.86
75619,30.98,76.07,0.024,26.27,1.5211,30.86
75935,30.97,76.02,0.020,26.25,-2.0281,30.86
76251,30.99,76.05,0.023,26.27,3.0421,30.87
76567,30.99,76.02,0.024,26.26,0.0000,30.87
76883,30.99,76.04,0.029,26.27,0.5070,30.87
77199,30.99,76.03,0.020,26.27,0.5070,30.87
77515,31.01,76.02,0.021,26.29,4.0561,30.87
77831,30.98,76.00,0.030,26.25,-7.0982,30.87
78147,30.99,75.98,0.020,26.26,2.0281,30.87
78463,30.98,75.97,0.029,26.24,-2.0281,30.87
78779,30.96,75.96,0.025,26.22,-3.5491,30.87
79095,30.99,75.95,0.025,26.25,6.0842,30.87
79411,30.97,75.96,0.024,26.24,-3.5491,30.87
79727,30.98,75.98,0.022,26.25,1.5211,30.87
80043,30.97,75.98,0.023,26.24,-1.0140,30.87
80359,30.97,75.97,0.026,26.24,0.0000,30.87
80675,30.96,75.99,0.021,26.23,-2.5351,30.87
80991,30.97,75.98,0.022,26.24,2.5351,30.87
81307,30.95,75.97,0.027,26.22,-3.5491,30.87
81623,30.95,75.99,0.025,26.22,-0.5070,30.87
81939,30.97,76.00,0.024,26.24,3.5491,30.87
82255,30.93,75.98,0.024,26.20,-7.0982,30.87
82571,30.94,75.99,0.025,26.21,2.0281,30.87
82887,30.94,76.02,0.031,26.22,-1.0140,30.87
83203,30.95,76.03,0.025,26.23,1.5211,30.87
83519,30.94,76.02,0.031,26.22,-0.5070,30.87
83835,30.95,76.04,0.022,26.24,2.0281,30.87
84151,30.93,76.03,0.028,26.22,-4.0561,30.88
84467,30.95,76.05,0.024,26.24,4.0561,30.88
84783,30.94,76.05,0.024,26.23,-2.0281,30.88
85099,30.94,76.05,0.028,26.22,-1.5211,30.88
85415,30.94,76.06,0.030,26.23,1.0140,30.88
85731,30.95,76.04,0.020,26.23,1.5211,30.88
86047,30.93,76.07,0.021,26.22,-4.5632,30.88
86363,30.95,76.09,0.018,26.24,4.0561,30.88
86679,30.94,76.06,0.019,26.22,-2.0281,30.88
86995,30.93,76.09,0.022,26.23,-0.5070,30.88
87311,30.93,76.10,0.019,26.22,-1.5211,30.88
87627,30.94,76.10,0.028,26.24,3.5491,30.88
87943,30.92,76.10,0.025,26.22,-4.5632,30.88
88259,30.94,76.10,0.024,26.24,3.5491,30.88
88575,30.93,76.11,0.024,26.23,-2.0281,30.88
88891,30.93,76.10,0.027,26.23,1.0140,30.88
89207,30.93,76.12,0.024,26.24,0.0000,30.88
89523,30.93,76.14,0.027,26.23,-1.5211,30.88
89839,30.93,76.12,0.025,26.23,0.5070,30.88
90155,30.93,76.15,0.024,26.24,1.0140,30.88
90471,30.93,76.13,0.020,26.24,0.0000,30.88
90787,30.91,76.15,0.025,26.22,-4.0561,30.88
91103,30.93,76.14,0.025,26.23,3.0421,30.88
91419,30.92,76.15,0.024,26.23,-1.5211,30.88
91735,30.93,76.17,0.025,26.24,1.0140,30.88
92051,30.93,76.14,0.023,26.24,1.5211,30.88
92367,30.92,76.15,0.024,26.23,-2.5351,30.88
92683,30.94,76.14,0.025,26.24,3.0421,30.88
92999,30.93,76.13,0.030,26.23,-2.0281,30.88
93315,30.94,76.14,0.021,26.25,3.5491,30.88
93631,30.95,76.15,0.023,26.26,1.5211,30.88
93947,30.94,76.12,0.027,26.25,-1.5211,30.88
94263,30.96,76.13,0.026,26.26,2.5351,30.88
94579,30.95,76.12,0.025,26.25,-0.5070,30.88
94895,30.94,76.12,0.024,26.24,-3.0421,30.88
95211,30.94,76.13,0.029,26.25,1.0140,30.88
95527,30.97,76.12,0.031,26.27,4.0561,30.88
95843,30.93,76.10,0.024,26.22,-7.6053,30.88
96159,30.93,76.12,0.026,26.23,1.5211,30.88
96475,30.92,76.09,0.040,26.21,-3.0421,30.88
96791,30.92,76.11,0.029,26.22,0.0000,30.88
97107,30.91,76.13,0.037,26.21,-2.0281,30.88
97423,30.92,76.15,0.058,26.23,2.0281,30.88
97739,30.92,76.15,0.224,26.23,0.5070,30.88
98055,30.95,76.17,0.270,26.26,5.0702,30.88
98371,30.95,76.19,0.239,26.27,1.5211,30.88
98687,30.96,76.23,0.254,26.29,1.5211,30.88
99003,30.98,76.26,0.286,26.32,4.0561,30.88
99319,31.02,76.28,0.219,26.35,6.0842,30.88
99635,31.01,76.32,0.242,26.35,-1.5211,30.89
99951,31.04,76.30,0.192,26.38,6.5912,30.89
100267,31.02,76.31,0.221,26.36,-4.5632,30.89
100583,31.05,76.28,0.456,26.38,5.5772,30.89
100899,31.07,76.31,0.688,26.41,4.5632,30.89
101215,31.05,76.30,0.544,26.39,-4.0561,30.89
101531,31.07,76.27,0.499,26.40,3.0421,30.89
101847,31.07,76.27,0.456,26.40,1.0140,30.89
102163,31.09,76.27,0.599,26.41,2.5351,30.89
102479,31.09,76.24,0.740,26.41,0.5070,30.89
102795,31.12,76.22,0.995,26.44,6.0842,30.89
103111,31.12,76.24,0.924,26.44,0.0000,30.89
103427,31.14,76.26,0.919,26.46,3.0421,30.89
103743,31.12,76.22,0.984,26.44,-3.0421,30.89
104059,31.12,76.19,0.593,26.43,-0.5070,30.89
104375,31.14,76.14,0.537,26.44,5.0702,30.89
104691,31.16,76.16,0.534,26.46,3.5491,30.90
105007,31.17,76.13,0.598,26.46,0.5070,30.90
105323,31.19,76.10,0.626,26.47,4.0561,30.90
105639,31.19,76.05,1.151,26.46,0.0000,30.90
105955,31.22,76.05,1.042,26.50,6.5912,30.90
106271,31.21,76.04,0.700,26.49,-1.5211,30.90
106587,31.22,75.99,0.972,26.48,0.5070,30.90
106903,31.25,75.95,0.560,26.50,5.5772,30.90
107219,31.25,75.91,0.812,26.49,0.5070,30.90
107535,31.26,75.91,0.579,26.51,3.0435,30.90
107851,31.25,75.85,0.740,26.48,-2.0281,30.91
108167,31.26,75.82,0.578,26.48,1.0140,30.91
108483,31.29,75.78,0.814,26.50,5.5772,30.91
108799,31.26,75.77,0.737,26.47,-5.5772,30.91
109115,31.30,75.77,0.575,26.51,7.0982,30.91
109431,31.29,75.73,0.803,26.49,-1.0140,30.91
109747,31.29,75.71,0.756,26.49,0.0000,30.91
110063,31.32,75.68,0.302,26.51,6.0842,30.91
110379,31.32,75.69,0.314,26.51,-0.5070,30.91
110695,31.33,75.64,0.221,26.51,2.0281,30.92
111011,31.32,75.62,0.150,26.50,-1.5211,30.92
111327,31.32,75.60,0.135,26.49,-1.5211,30.92
111643,31.33,75.60,0.283,26.50,3.0421,30.92
111959,31.32,75.56,0.556,26.48,-3.0421,30.92
112275,31.33,75.55,0.364,26.49,2.5351,30.92
112591,31.33,75.53,0.039,26.49,0.5070,30.92
112907,31.32,75.50,0.031,26.47,-1.5211,30.92
113223,31.33,75.50,0.045,26.48,1.5211,30.93
113539,31.30,75.47,0.037,26.44,-5.5772,30.93
113855,31.31,75.45,0.033,26.45,2.0281,30.93
114171,31.29,75.40,0.036,26.41,-5.0702,30.93
114487,31.29,75.37,0.036,26.41,0.0000,30.93
114803,31.27,75.37,0.032,26.39,-3.5491,30.93
115119,31.22,75.34,0.031,26.34,-8.6207,30.93
115435,31.22,75.32,0.036,26.33,0.0000,30.93
115751,31.24,75.32,0.027,26.35,3.0421,30.93
116067,31.25,75.33,0.030,26.37,3.0435,30.93
116383,31.22,75.35,0.035,26.34,-7.0997,30.93
116699,31.18,75.34,0.037,26.30,-7.6053,30.94
117015,31.17,75.34,0.029,26.29,-1.0140,30.94
117331,31.15,75.34,0.038,26.27,-3.5491,30.94
117647,31.12,75.37,0.032,26.24,-6.5912,30.94
117963,31.09,75.38,0.054,26.22,-5.0702,30.94
118279,31.14,75.41,0.069,26.27,9.1263,30.94
118595,31.14,75.47,0.121,26.28,-0.5070,30.94
118911,31.16,75.52,0.521,26.32,4.5632,30.94
119227,31.17,75.56,0.387,26.34,1.5211,30.94
119543,31.19,75.62,0.308,26.37,3.5491,30.94
119859,31.18,75.63,0.209,26.37,-0.5070,30.94
120175,31.18,75.69,0.415,26.38,0.0000,30.94
120491,31.20,75.71,0.028,26.40,3.0421,30.94
120807,31.20,75.75,0.036,26.40,-1.0140,30.94
121123,31.21,75.74,0.034,26.42,3.5491,30.94
121439,31.22,75.74,0.151,26.42,0.5070,30.94
121755,31.25,75.69,0.284,26.45,7.0997,30.95
122071,31.23,75.69,0.236,26.43,-4.0576,30.95
122387,31.25,75.69,0.188,26.44,3.0421,30.95
122703,31.24,75.70,0.182,26.43,-2.0281,30.95
123019,31.26,75.72,0.234,26.46,4.5646,30.95
123335,31.27,75.67,0.293,26.46,1.0140,30.95
123651,31.26,75.66,0.335,26.45,-0.5070,30.95
123967,31.29,75.65,0.511,26.47,4.5632,30.95
124283,31.27,75.62,0.552,26.45,-3.0421,30.95
124599,31.29,75.63,0.659,26.47,4.0561,30.95
124915,31.28,75.60,0.525,26.45,-2.5351,30.95
125231,31.32,75.58,0.469,26.49,7.6053,30.95
125547,31.30,75.58,0.074,26.47,-3.5491,30.96
125863,31.31,75.58,0.030,26.48,1.5211,30.96
126179,31.29,75.53,0.035,26.44,-4.5632,30.96
126495,31.25,75.48,0.036,26.39,-7.0997,30.96
126811,31.23,75.43,0.037,26.37,-3.0421,30.96
127127,31.21,75.42,0.040,26.35,-4.0561,30.96
127443,31.20,75.40,0.039,26.33,-1.5211,30.96
127759,31.16,75.37,0.041,26.28,-8.6193,30.96
128075,31.15,75.35,0.039,26.27,-2.0281,30.96
128391,31.14,75.36,0.040,26.26,-2.0281,30.96
128707,31.14,75.39,0.035,26.27,1.0140,30.96
129023,31.12,75.37,0.026,26.24,-5.0702,30.96
129339,31.10,75.41,0.029,26.23,-3.5491,30.96
129655,31.07,75.42,0.028,26.21,-5.0702,30.96
129971,31.06,75.46,0.033,26.21,-1.5211,30.96
130287,31.05,75.47,0.034,26.20,-2.5351,30.96
130603,31.04,75.52,0.041,26.20,-2.0281,30.96
130919,31.03,75.53,0.034,26.19,-2.0281,30.96
131235,31.01,75.57,0.036,26.19,-2.5351,30.96
131551,31.01,75.61,0.039,26.19,-1.5211,30.96
131867,31.02,75.65,0.038,26.22,3.5491,30.96
132183,31.02,75.68,0.033,26.22,-0.5070,30.96
132499,31.00,75.69,0.034,26.21,-3.5491,30.96
132815,30.97,75.72,0.040,26.18,-6.0842,30.96
133131,30.96,75.75,0.036,26.18,-2.0281,30.96
133447,30.95,75.78,0.031,26.18,-1.0140,30.96
133763,30.95,75.81,0.034,26.18,-1.5211,30.96
134079,30.93,75.84,0.033,26.17,-2.5351,30.96
134395,30.95,75.86,0.032,26.20,4.0561,30.96
134711,30.93,75.89,0.038,26.18,-4.0561,30.96
135027,30.94,75.92,0.038,26.20,2.0281,30.96
135343,30.95,75.96,0.038,26.22,2.0281,30.96
135659,30.95,76.00,0.031,26.22,-1.5211,30.96
135975,30.94,76.00,0.042,26.21,-2.0281,30.96
136291,30.91,76.03,0.034,26.19,-5.5772,30.96
136607,30.91,76.05,0.037,26.20,0.5070,30.96
136923,30.91,76.05,0.038,26.20,1.0140,30.96
137239,30.90,76.08,0.036,26.20,-2.0281,30.96
137555,30.92,76.11,0.033,26.22,2.5351,30.96
137871,30.90,76.12,0.040,26.20,-3.5491,30.96
138187,30.90,76.14,0.032,26.20,-0.5070,30.96
138503,30.90,76.16,0.035,26.21,0.5070,30.96
138819,30.89,76.17,0.044,26.20,-1.5211,30.96
139135,30.90,76.19,0.038,26.21,1.0140,30.96
139451,30.91,76.21,0.033,26.23,2.0281,30.96
139767,30.88,76.22,0.042,26.20,-5.0702,30.96
140083,30.90,76.22,0.037,26.23,4.5632,30.96
140399,30.89,76.23,0.033,26.22,-2.5351,30.96
140715,30.93,76.27,0.040,26.26,7.0982,30.96
141031,30.91,76.26,0.036,26.24,-4.0561,30.96
141347,30.91,76.24,0.044,26.24,0.0000,30.96
141663,30.92,76.29,0.030,26.26,2.0281,30.96
141979,30.92,76.28,0.036,26.26,0.5070,30.96
142295,30.91,76.28,0.030,26.25,-1.0140,30.96
142611,30.92,76.26,0.041,26.25,0.5070,30.96
142927,30.92,76.27,0.034,26.25,0.5070,30.96
143243,30.89,76.27,0.033,26.22,-6.0842,30.96
143559,30.90,76.25,0.044,26.23,2.0281,30.96
143875,30.90,76.29,0.071,26.24,-0.5070,30.96
144191,30.89,76.29,0.038,26.23,-1.5211,30.96
144507,30.91,76.28,0.025,26.24,3.5491,30.96
144823,30.92,76.30,0.034,26.26,2.5351,30.96
145139,30.92,76.32,0.023,26.26,-0.5070,30.96
145455,30.90,76.33,0.032,26.25,-3.0421,30.96
145771,30.91,76.30,0.034,26.25,1.0140,30.96
146087,30.93,76.31,0.032,26.28,5.0702,30.96
146403,30.92,76.29,0.031,26.26,-2.5351,30.96
146719,30.92,76.28,0.036,26.26,-0.5070,30.96
147035,30.92,76.29,0.036,26.26,0.0000,30.96
147351,30.93,76.27,0.033,26.27,3.0421,30.96
147667,30.92,76.25,0.036,26.25,-3.0421,30.96
147983,30.94,76.30,0.041,26.28,5.0702,30.96
148299,30.95,76.27,0.034,26.28,0.5070,30.96
148615,30.96,76.26,0.040,26.29,2.0281,30.96
148931,30.95,76.25,0.032,26.28,-0.5070,30.96
149247,30.99,76.24,0.044,26.32,6.5912,30.96
149563,30.97,76.23,0.023,26.30,-3.0421,30.96
149879,30.97,76.22,0.032,26.29,0.0000,30.96
150195,30.96,76.21,0.036,26.28,-2.5351,30.96
150511,30.95,76.18,0.027,26.27,-1.5211,30.96
150827,30.95,76.18,0.030,26.26,-0.5070,30.96
151143,30.96,76.19,0.039,26.28,2.5351,30.96
151459,30.96,76.16,0.038,26.27,-0.5070,30.96
151775,30.95,76.18,0.028,26.26,-2.0281,30.96
152091,30.93,76.15,0.033,26.24,-3.0421,30.96
152407,30.93,76.17,0.035,26.25,0.0000,30.96
152723,30.93,76.19,0.038,26.24,-1.5211,30.96
153039,30.93,76.18,0.036,26.24,0.5070,30.96
153355,30.95,76.15,0.040,26.26,4.0561,30.96
153671,30.92,76.19,0.034,26.24,-6.0842,30.96
153987,30.90,76.18,0.041,26.22,-3.0421,30.96
154303,30.91,76.19,0.030,26.22,1.0140,30.96
154619,30.94,76.21,0.030,26.26,5.5772,30.96
154935,30.93,76.21,0.043,26.25,-1.0140,30.96
155251,30.92,76.21,0.036,26.24,-1.5211,30.96
155567,30.91,76.25,0.033,26.24,-2.5351,30.96
155883,30.92,76.22,0.028,26.24,2.0281,30.96
156199,30.93,76.26,0.037,26.26,2.0281,30.96
156515,30.90,76.24,0.035,26.23,-5.5772,30.96
156831,30.93,76.27,0.034,26.26,4.5632,30.96
157147,30.91,76.26,0.045,26.24,-3.5491,30.96
157463,30.88,76.27,0.028,26.22,-4.5632,30.96
157779,30.90,76.29,0.036,26.24,2.5351,30.96
158095,30.91,76.29,0.030,26.25,3.0421,30.96
158411,30.91,76.28,0.038,26.24,-1.0140,30.96
158727,30.93,76.29,0.033,26.27,5.0702,30.96
159043,30.94,76.29,0.038,26.28,0.5070,30.96
159359,30.92,76.32,0.037,26.26,-3.5491,30.96
159675,30.94,76.31,0.041,26.28,4.0561,30.96
159991,30.93,76.28,0.034,26.27,-1.0140,30.96
160307,30.93,76.26,0.037,26.26,-1.0140,30.96
160623,30.91,76.30,0.036,26.25,-4.0561,30.96
160939,30.89,76.31,0.029,26.24,-2.5351,30.96
161255,30.93,76.32,0.036,26.27,6.0842,30.96
161571,30.91,76.34,0.043,26.26,-3.5491,30.96
161887,30.95,76.32,0.037,26.29,7.6053,30.96
162203,30.95,76.31,0.031,26.29,0.0000,30.96
162519,30.97,76.31,0.040,26.31,4.0561,30.96
162835,30.95,76.29,0.037,26.29,-2.5351,30.96
163151,30.96,76.28,0.035,26.30,1.5211,30.96
163467,30.98,76.29,0.031,26.31,2.5351,30.96
163783,31.00,76.25,0.036,26.33,4.5632,30.96
164099,31.01,76.22,0.042,26.33,2.5351,30.96
164415,31.00,76.21,0.027,26.32,-3.0421,30.96
164731,31.01,76.18,0.029,26.32,3.0421,30.96
165047,31.01,76.16,0.034,26.32,0.0000,30.96
165363,31.02,76.12,0.028,26.31,0.5070,30.96
165679,31.03,76.12,0.040,26.33,3.5491,30.96
165995,31.03,76.11,0.036,26.32,-1.0140,30.96
166311,31.02,76.09,0.042,26.31,-2.0281,30.96
166627,31.03,76.08,0.036,26.32,2.0281,30.96
166943,31.02,76.05,0.039,26.30,-2.0281,30.96
167259,31.04,76.06,0.038,26.32,3.5491,30.96
167575,31.06,76.04,0.037,26.34,5.0702,30.96
167891,31.08,76.03,0.034,26.36,3.5491,30.96
168207,31.04,76.02,0.034,26.31,-8.6193,30.96
168523,31.06,76.00,0.037,26.33,4.0561,30.96
168839,31.06,75.98,0.034,26.32,0.0000,30.96
169155,31.05,75.94,0.032,26.30,-2.5351,30.96
169471,31.05,75.92,0.036,26.30,0.5070,30.96
169787,31.04,75.92,0.041,26.29,-1.5211,30.96
170103,31.02,75.92,0.030,26.27,-3.5491,30.96
170419,31.03,75.91,0.039,26.28,1.5211,30.96
170735,31.03,75.95,0.033,26.29,1.0140,30.96
171051,31.03,75.89,0.037,26.28,-1.0140,30.96
171367,31.00,75.92,0.033,26.26,-5.0702,30.96
171683,31.01,75.91,0.040,26.26,1.5211,30.96
171999,31.01,75.92,0.034,26.27,0.5070,30.96
172315,30.99,75.93,0.042,26.25,-4.0561,30.96
172631,30.97,75.94,0.041,26.23,-4.0561,30.96
172947,30.99,75.96,0.029,26.25,3.0421,30.96
173263,30.99,75.95,0.045,26.25,0.0000,30.96
173579,30.96,75.97,0.034,26.23,-4.5632,30.96
173895,30.98,76.00,0.037,26.26,4.0561,30.96
174211,30.95,76.00,0.037,26.23,-5.5772,30.96
174527,30.96,75.99,0.035,26.23,0.5070,30.96
174843,31.01,76.02,0.040,26.29,10.1403,30.96
175159,31.00,76.05,0.031,26.28,-2.0281,30.96
175475,30.99,76.04,0.047,26.27,-1.5211,30.96
175791,30.98,76.05,0.031,26.27,-1.5211,30.96
176107,30.99,76.06,0.042,26.27,0.5070,30.96
176423,31.02,76.06,0.051,26.30,5.5772,30.96
176739,30.99,76.05,0.033,26.27,-5.5772,30.96
177055,31.00,76.06,0.029,26.29,3.0421,30.96
177371,31.02,76.06,0.042,26.30,3.0421,30.96
177687,30.98,76.05,0.035,26.26,-8.1123,30.96
178003,30.99,76.06,0.040,26.27,2.5351,30.96
178319,31.00,76.08,0.037,26.29,1.5211,30.96
178635,30.98,76.07,0.032,26.27,-3.0421,30.96
178951,30.98,76.07,0.035,26.27,0.0000,30.96
179267,30.97,76.10,0.025,26.26,-2.0281,30.96
179583,30.95,76.09,0.035,26.25,-3.0421,30.96
179899,30.94,76.08,0.035,26.23,-2.5351,30.96
180215,30.94,76.09,0.038,26.23,-1.0140,30.96
180531,30.95,76.10,0.030,26.24,2.5351,30.96
180847,30.94,76.15,0.037,26.24,-2.5351,30.96
181163,30.93,76.13,0.030,26.23,-2.0281,30.96
181479,30.94,76.15,0.027,26.24,2.0281,30.96
181795,30.93,76.19,0.046,26.24,-1.5211,30.96
182111,30.94,76.19,0.045,26.26,2.5351,30.96
182427,30.91,76.21,0.035,26.23,-5.5772,30.96
182743,30.92,76.23,0.041,26.25,1.5211,30.96
183059,30.92,76.24,0.042,26.25,0.5070,30.96
183375,30.91,76.24,0.039,26.24,-3.0421,30.96
183691,30.89,76.26,0.039,26.22,-4.0561,30.96
184007,30.90,76.27,0.034,26.23,2.0281,30.96
184323,30.88,76.27,0.028,26.22,-2.5351,30.96
184639,30.85,76.30,0.041,26.20,-5.5772,30.96
184955,30.88,76.30,0.038,26.22,5.0702,30.96
185271,30.90,76.32,0.038,26.24,3.0421,30.96
185587,30.93,76.34,0.038,26.28,7.0982,30.96
185903,30.93,76.32,0.031,26.27,-1.0140,30.96
186219,30.94,76.36,0.038,26.29,1.5211,30.96
186535,30.94,76.34,0.036,26.29,0.0000,30.96
186851,30.92,76.30,0.033,26.26,-2.5351,30.96
187167,30.92,76.30,0.036,26.26,-0.5070,30.96
187483,30.91,76.32,0.051,26.26,-1.0140,30.96
187799,30.91,76.31,0.043,26.26,0.0000,30.96
188115,30.89,76.29,0.039,26.23,-4.5632,30.96
188431,30.92,76.31,0.041,26.26,5.5772,30.96
188747,30.89,76.30,0.043,26.23,-5.5772,30.96
189063,30.89,76.30,0.053,26.23,-0.5070,30.96
189379,30.90,76.30,0.045,26.24,1.5211,30.96
189695,30.89,76.30,0.035,26.23,-1.0140,30.96
190011,30.90,76.33,0.041,26.25,1.0140,30.96
190327,30.89,76.35,0.047,26.24,-1.0140,30.96
190643,30.90,76.33,0.036,26.25,1.5211,30.96
190959,30.91,76.34,0.032,26.26,1.5211,30.96
191275,30.89,76.35,0.038,26.24,-4.0561,30.96
191591,30.89,76.35,0.040,26.24,1.0140,30.96
191907,30.93,76.38,0.031,26.29,7.0982,30.96
192223,30.92,76.37,0.039,26.27,-2.0281,30.96
192539,30.92,76.34,0.031,26.27,0.5070,30.96
192855,30.95,76.36,0.041,26.30,5.0702,30.96
193171,30.93,76.32,0.064,26.28,-2.5351,30.96
193487,30.95,76.32,0.032,26.29,2.5351,30.96
193803,30.97,76.29,0.033,26.31,4.0561,30.96
194119,30.94,76.29,0.030,26.27,-6.0842,30.96
194435,30.94,76.30,0.045,26.28,1.5211,30.96
194751,30.94,76.24,0.033,26.26,-1.5211,30.96
195067,30.98,76.27,0.039,26.31,7.6053,30.96
195383,30.94,76.22,0.035,26.26,-7.6053,30.96
195699,30.95,76.24,0.041,26.28,3.5491,30.96
196015,31.00,76.25,0.041,26.33,8.1123,30.96
196331,30.97,76.23,0.041,26.29,-5.0702,30.96
196647,30.96,76.17,0.040,26.27,-2.0281,30.96
196963,30.93,76.20,0.049,26.25,-5.5772,30.96
197279,30.94,76.18,0.047,26.26,2.5351,30.96
197595,30.94,76.19,0.049,26.25,-1.0140,30.96
197911,30.93,76.19,0.035,26.25,-1.0140,30.96
198227,30.92,76.17,0.045,26.23,-3.0421,30.96
198543,30.92,76.18,0.048,26.23,0.0000,30.96
198859,30.93,76.17,0.035,26.24,2.5351,30.96
199175,30.91,76.20,0.040,26.23,-3.0421,30.96
199491,30.94,76.20,0.036,26.26,5.5772,30.96
199807,30.95,76.22,0.034,26.27,1.5211,30.96
200123,30.94,76.19,0.041,26.25,-3.0421,30.96
200439,30.94,76.21,0.036,26.26,1.0140,30.96
200755,30.93,76.19,0.033,26.25,-1.5211,30.96
201071,30.93,76.20,0.040,26.25,-0.5070,30.96
201387,30.91,76.19,0.037,26.22,-4.5632,30.96
201703,30.94,76.22,0.043,26.26,6.5912,30.96
202019,30.91,76.23,0.032,26.23,-6.5912,30.96
202335,30.89,76.20,0.046,26.21,-3.0421,30.96
202651,30.93,76.22,0.032,26.26,8.1123,30.96
202967,30.88,76.23,0.046,26.21,-10.1403,30.96
203283,30.90,76.25,0.044,26.23,4.5632,30.96
203599,30.89,76.27,0.035,26.23,-2.5351,30.96
203915,30.88,76.27,0.033,26.22,-2.0281,30.96
204231,30.88,76.26,0.036,26.21,0.0000,30.96
204547,30.89,76.31,0.035,26.23,1.0140,30.96
204863,30.89,76.32,0.031,26.23,0.0000,30.96
205179,30.89,76.33,0.036,26.24,0.5070,30.96
205495,30.89,76.34,0.031,26.24,1.0140,30.96
205811,30.88,76.36,0.034,26.24,-2.5351,30.96
206127,30.91,76.35,0.041,26.26,5.5772,30.96
206443,30.88,76.34,0.037,26.23,-5.0702,30.96
206759,30.91,76.36,0.028,26.27,6.0842,30.96
207075,30.90,76.39,0.030,26.26,-2.5351,30.96
207391,30.91,76.37,0.042,26.27,1.5211,30.96
207707,30.91,76.36,0.041,26.26,-0.5070,30.96
208023,30.90,76.36,0.039,26.26,-0.5070,30.96
208339,30.88,76.36,0.035,26.24,-4.5632,30.96
208655,30.91,76.36,0.029,26.26,5.0702,30.96
208971,30.88,76.37,0.043,26.24,-5.0702,30.96
209287,30.91,76.39,0.040,26.27,5.0702,30.96
209603,30.88,76.38,0.047,26.24,-4.5632,30.96
209919,30.89,76.36,0.036,26.25,1.5211,30.96
210235,30.89,76.39,0.039,26.25,0.0000,30.96
210551,30.89,76.38,0.045,26.25,0.0000,30.96
210867,30.89,76.38,0.033,26.25,0.0000,30.96
211183,30.91,76.40,0.039,26.28,4.0561,30.95
211499,30.90,76.39,0.041,26.27,-1.5211,30.95
211815,30.90,76.40,0.044,26.26,-1.0140,30.95
212131,30.90,76.38,0.053,26.26,0.5070,30.95
212447,30.91,76.39,0.046,26.28,2.5351,30.95
212763,30.92,76.38,0.031,26.28,1.0140,30.95
213079,30.94,76.40,0.033,26.30,4.0561,30.95
213395,30.91,76.35,0.033,26.27,-5.5772,30.95
213711,30.92,76.38,0.027,26.28,1.5211,30.95
214027,30.92,76.34,0.034,26.27,-0.5070,30.95
214343,30.91,76.33,0.044,26.26,-1.5211,30.95
214659,30.89,76.34,0.037,26.24,-3.5491,30.95
214975,30.90,76.32,0.043,26.25,2.0281,30.95
215291,30.88,76.30,0.034,26.22,-4.0561,30.95
215607,30.89,76.30,0.037,26.23,1.0140,30.95
215923,30.89,76.33,0.041,26.24,1.5211,30.95
216239,30.89,76.33,0.045,26.23,-1.5211,30.95
216555,30.90,76.35,0.040,26.25,2.0281,30.95
216871,30.88,76.35,0.046,26.23,-3.0421,30.95
217187,30.86,76.35,0.032,26.22,-3.0421,30.95
217503,30.86,76.35,0.042,26.22,0.0000,30.95
217819,30.87,76.36,0.037,26.23,1.5211,30.95
218135,30.86,76.37,0.042,26.21,-3.0421,30.95
218451,30.88,76.37,0.032,26.24,4.5632,30.95
218767,30.90,76.39,0.035,26.26,3.5491,30.95
219083,30.91,76.39,0.034,26.28,3.0421,30.95
219399,30.91,76.43,0.038,26.28,0.0000,30.95
219715,30.93,76.39,0.027,26.29,2.5351,30.95
220031,30.91,76.37,0.044,26.27,-3.5491,30.95
220347,30.92,76.38,0.043,26.28,1.5211,30.95
220663,30.94,76.38,0.044,26.30,3.5491,30.95
220979,30.93,76.38,0.046,26.29,-0.5070,30.95
221295,30.93,76.35,0.047,26.28,-1.0140,30.95
221611,30.92,76.34,0.038,26.27,-1.0140,30.95
221927,30.92,76.34,0.033,26.27,-1.0140,30.95
222243,30.92,76.34,0.043,26.27,0.5070,30.95
222559,30.91,76.34,0.036,26.26,-2.5351,30.95
222875,30.91,76.36,0.045,26.26,0.0000,30.95
223191,30.91,76.35,0.033,26.26,0.0000,30.95
223507,30.91,76.33,0.037,26.25,0.0000,30.95
223823,30.90,76.35,0.034,26.25,-2.0281,30.95
224139,30.90,76.35,0.029,26.25,0.5070,30.95
224455,30.88,76.35,0.031,26.24,-3.0421,30.95
224771,30.87,76.36,0.046,26.23,-2.5351,30.95
225087,30.88,76.37,0.031,26.24,2.5351,30.95
225403,30.88,76.39,0.031,26.24,-1.0140,30.95
225719,30.88,76.38,0.033,26.24,1.0140,30.95
226035,30.88,76.38,0.034,26.24,-0.5070,30.95
226351,30.90,76.40,0.031,26.26,3.5491,30.95
226667,30.89,76.39,0.033,26.25,-1.5211,30.95
226983,30.91,76.39,0.029,26.27,3.5491,30.95
227299,30.89,76.40,0.033,26.25,-3.5491,30.95
227615,30.87,76.38,0.035,26.23,-3.0421,30.95
227931,30.90,76.37,0.033,26.26,5.0702,30.95
228247,30.93,76.36,0.033,26.29,6.0842,30.95
228563,30.92,76.34,0.034,26.27,-2.5351,30.95
228879,30.93,76.34,0.030,26.28,2.5351,30.95
229195,30.93,76.35,0.031,26.28,-1.0140,30.95
229511,30.95,76.35,0.036,26.30,4.0561,30.95
229827,30.92,76.31,0.041,26.26,-6.0842,30.95
230143,30.95,76.31,0.034,26.30,7.0982,30.95
230459,30.95,76.31,0.036,26.29,-1.5211,30.95
230775,30.94,76.27,0.043,26.27,-2.0281,30.95
231091,30.91,76.27,0.039,26.25,-4.5632,30.95
231407,30.90,76.25,0.045,26.24,-1.5211,30.95
231723,30.93,76.27,0.031,26.26,5.0702,30.95
232039,30.91,76.24,0.042,26.24,-4.0561,30.95
232355,30.89,76.24,0.037,26.22,-3.5491,30.95
232671,30.88,76.24,0.040,26.21,-1.5211,30.95
232987,30.87,76.27,0.039,26.21,-1.5211,30.95
233303,30.89,76.25,0.044,26.22,3.5491,30.95
233619,30.86,76.25,0.059,26.19,-6.5912,30.95
233935,30.90,76.30,0.034,26.24,8.1123,30.95
234251,30.86,76.29,0.038,26.20,-8.1123,30.95
234567,30.88,76.29,0.037,26.22,4.0561,30.95
234883,30.88,76.29,0.031,26.22,0.5070,30.95
235199,30.87,76.31,0.039,26.22,-1.5211,30.95
235515,30.86,76.33,0.024,26.21,-2.0281,30.95
235831,30.89,76.32,0.032,26.24,5.0702,30.95
236147,30.89,76.37,0.035,26.25,0.0000,30.95
236463,30.90,76.34,0.033,26.25,1.0140,30.95
236779,30.90,76.34,0.029,26.25,0.5070,30.95
237095,30.90,76.35,0.030,26.26,1.0140,30.95
237411,30.89,76.33,0.050,26.24,-2.5351,30.95
237727,30.89,76.33,0.037,26.24,0.5070,30.95
238043,30.91,76.32,0.037,26.26,3.0421,30.95
238359,30.90,76.33,0.029,26.25,-1.0140,30.95
238675,30.92,76.33,0.042,26.27,2.5351,30.95
238991,30.93,76.30,0.030,26.27,2.5351,30.95
239307,30.93,76.31,0.033,26.28,0.5070,30.95
239623,30.92,76.32,0.028,26.27,-2.5351,30.95
239939,30.92,76.30,0.035,26.26,0.5070,30.95
240255,30.92,76.28,0.032,26.26,0.0000,30.95
240571,30.91,76.27,0.036,26.24,-3.0421,30.95
240887,30.91,76.28,0.043,26.24,0.0000,30.95
241203,30.94,76.27,0.037,26.27,5.5772,30.95
241519,30.91,76.30,0.040,26.25,-5.5772,30.95
241835,30.92,76.29,0.034,26.26,2.0281,30.95
242151,30.93,76.28,0.040,26.27,2.0281,30.95
242467,30.93,76.28,0.041,26.27,0.0000,30.95
242783,30.91,76.27,0.031,26.25,-3.0421,30.95
243099,30.94,76.28,0.037,26.27,4.5632,30.95
243415,30.95,76.26,0.030,26.28,2.0281,30.95
243731,30.92,76.26,0.045,26.25,-5.5772,30.95
244047,30.91,76.24,0.029,26.24,-0.5070,30.95
244363,30.95,76.26,0.035,26.28,6.0842,30.95
244679,30.94,76.26,0.029,26.27,-1.0140,30.95
244995,30.94,76.26,0.042,26.27,-0.5070,30.95
245311,30.95,76.22,0.038,26.27,1.5211,30.95
245627,30.95,76.23,0.027,26.28,1.5211,30.95
245943,30.96,76.24,0.032,26.28,0.5070,30.95
246259,30.95,76.20,0.027,26.27,-1.5211,30.95
246575,30.92,76.20,0.032,26.24,-6.0842,30.95
246891,30.92,76.21,0.033,26.24,0.0000,30.95
247207,30.91,76.19,0.038,26.22,-2.0281,30.95
247523,30.89,76.19,0.033,26.21,-3.5491,30.95
247839,30.90,76.22,0.030,26.23,2.5351,30.95
248155,30.92,76.21,0.034,26.24,3.0421,30.95
248471,30.92,76.25,0.024,26.25,1.0140,30.95
248787,30.92,76.23,0.033,26.24,-1.0140,30.95
249103,30.91,76.24,0.031,26.24,-2.0281,30.95
249419,30.91,76.23,0.025,26.24,0.5070,30.95
249735,30.90,76.25,0.039,26.23,-2.0281,30.95
250051,30.91,76.25,0.028,26.24,2.5351,30.95
250367,30.91,76.26,0.028,26.25,0.5070,30.95
250683,30.91,76.26,0.029,26.25,0.0000,30.95
250999,30.91,76.25,0.037,26.24,-1.0140,30.95
251315,30.93,76.24,0.024,26.26,3.5491,30.95
251631,30.94,76.24,0.037,26.26,1.5211,30.95
251947,30.92,76.23,0.038,26.24,-3.5491,30.95
252263,30.93,76.26,0.029,26.26,1.5211,30.95
252579,30.92,76.24,0.029,26.24,-1.5211,30.95
252895,30.90,76.22,0.034,26.23,-3.0421,30.95
253211,30.91,76.22,0.036,26.24,2.0281,30.95
253527,30.89,76.20,0.037,26.21,-4.0561,30.95
253843,30.91,76.25,0.029,26.24,3.5491,30.95
254159,30.93,76.22,0.030,26.25,3.5491,30.95
254475,30.92,76.22,0.035,26.24,-2.0281,30.95
254791,30.91,76.22,0.031,26.23,-2.0281,30.95
255107,30.91,76.21,0.037,26.23,1.0140,30.95
255423,30.90,76.20,0.031,26.22,-2.0281,30.95
255739,30.90,76.22,0.036,26.23,0.5070,30.95
256055,30.90,76.21,0.031,26.22,-1.0140,30.95
256371,30.89,76.22,0.030,26.21,-1.5211,30.95
256687,30.87,76.19,0.042,26.19,-3.5491,30.95
257003,30.86,76.20,0.033,26.18,-2.0281,30.95
257319,30.88,76.24,0.047,26.21,3.0421,30.95
257635,30.86,76.23,0.034,26.19,-2.5351,30.95
257951,30.88,76.27,0.027,26.22,3.5491,30.95
258267,30.88,76.26,0.030,26.21,-0.5070,30.95
258583,30.89,76.27,0.025,26.22,1.5211,30.95
258899,30.89,76.27,0.028,26.23,0.5070,30.95
259215,30.90,76.27,0.033,26.24,2.0281,30.95
259531,30.93,76.30,0.032,26.27,6.0842,30.95
259847,30.94,76.28,0.031,26.28,2.0281,30.95
260163,30.96,76.28,0.022,26.29,2.5351,30.95
260479,30.98,76.26,0.032,26.31,3.5491,30.95
260795,30.97,76.24,0.028,26.30,-1.0140,30.95
261111,30.97,76.23,0.028,26.29,0.0000,30.95
261427,30.98,76.20,0.028,26.30,2.0281,30.95
261743,30.97,76.19,0.037,26.29,-2.0281,30.95
262059,30.98,76.19,0.039,26.29,1.5211,30.95
262375,30.95,76.14,0.030,26.25,-6.0842,30.95
262691,30.98,76.15,0.034,26.28,5.5772,30.95
263007,30.98,76.11,0.033,26.28,1.5211,30.95
263323,30.97,76.10,0.033,26.27,-2.0281,30.95
263639,30.96,76.08,0.045,26.25,-3.0421,30.95
263955,30.94,76.08,0.025,26.23,-3.5491,30.95
264271,30.93,76.10,0.031,26.23,-1.5211,30.95
264587,30.89,76.08,0.030,26.18,-7.6053,30.95
264903,30.90,76.07,0.027,26.19,2.5351,30.95
265219,30.88,76.09,0.037,26.18,-4.5632,30.95
265535,30.88,76.11,0.035,26.18,0.0000,30.95
265851,30.89,76.12,0.031,26.19,1.0140,30.95
266167,30.90,76.15,0.034,26.20,2.0281,30.95
266483,30.90,76.15,0.030,26.21,1.5211,30.95
266799,30.91,76.19,0.027,26.22,0.5070,30.95
267115,30.91,76.18,0.035,26.22,0.0000,30.95
267431,30.92,76.20,0.032,26.24,2.0281,30.95
267747,30.90,76.19,0.035,26.21,-4.0561,30.95
268063,30.91,76.20,0.025,26.23,2.0281,30.95
268379,30.91,76.19,0.030,26.23,1.5211,30.95
268695,30.90,76.21,0.026,26.23,-2.0281,30.95
269011,30.89,76.23,0.021,26.22,-2.5351,30.95
269327,30.89,76.20,0.030,26.21,0.5070,30.95
269643,30.91,76.24,0.028,26.24,4.0561,30.95
269959,30.91,76.23,0.024,26.24,-1.0140,30.95
270275,30.90,76.24,0.038,26.23,-1.5211,30.95
270591,30.91,76.23,0.030,26.23,1.5211,30.95
270907,30.93,76.25,0.033,26.26,4.5632,30.95
271223,30.89,76.20,0.031,26.21,-7.6053,30.95
271539,30.90,76.23,0.034,26.22,0.5070,30.95
271855,30.91,76.26,0.026,26.25,3.0421,30.95
272171,30.91,76.24,0.036,26.24,0.0000,30.95
272487,30.93,76.23,0.027,26.25,3.0421,30.94
272803,30.92,76.23,0.041,26.25,-1.5211,30.94
273119,30.92,76.25,0.034,26.25,-0.5070,30.94
273435,30.94,76.22,0.029,26.26,4.0561,30.94
273751,30.93,76.23,0.038,26.26,-1.0140,30.94
274067,30.93,76.22,0.032,26.26,0.0000,30.94
274383,30.92,76.21,0.047,26.24,-3.0421,30.94
274699,30.92,76.19,0.036,26.24,0.5070,30.94
275015,30.93,76.19,0.038,26.25,2.0281,30.94
275331,30.94,76.22,0.031,26.27,2.5351,30.94
275647,30.95,76.17,0.033,26.26,0.5070,30.94
275963,30.97,76.18,0.030,26.28,4.0561,30.94
276279,30.97,76.17,0.044,26.28,1.0140,30.94
276595,30.97,76.17,0.039,26.28,-0.5070,30.94
276911,30.95,76.18,0.032,26.26,-4.5632,30.94
277227,30.94,76.14,0.033,26.25,-0.5070,30.94
277543,30.95,76.14,0.036,26.25,0.5070,30.94
277859,30.93,76.15,0.035,26.24,-3.5491,30.94
278175,30.92,76.13,0.033,26.22,-2.0281,30.94
278491,30.90,76.13,0.037,26.20,-4.0561,30.94
278807,30.90,76.18,0.035,26.22,1.0140,30.94
279123,30.90,76.18,0.034,26.22,0.5070,30.94
279439,30.89,76.17,0.026,26.20,-3.5491,30.94
279755,30.91,76.19,0.033,26.22,4.0561,30.94
280071,30.91,76.20,0.030,26.23,1.0140,30.94
280387,30.91,76.21,0.027,26.23,0.0000,30.94
280703,30.92,76.23,0.035,26.25,2.0281,30.94
281019,30.92,76.23,0.036,26.25,-0.5070,30.94
281335,30.94,76.25,0.029,26.27,3.0421,30.94
281651,30.92,76.23,0.038,26.24,-3.5491,30.94
281967,30.90,76.25,0.036,26.23,-3.5491,30.94
282283,30.89,76.24,0.027,26.22,-1.0140,30.94
282599,30.88,76.25,0.022,26.21,-3.0421,30.94
282915,30.86,76.24,0.028,26.19,-3.5491,30.94
283231,30.88,76.28,0.038,26.22,3.5491,30.94
283547,30.87,76.31,0.029,26.22,-0.5070,30.94
283863,30.86,76.33,0.035,26.21,-3.5491,30.94
284179,30.87,76.36,0.034,26.23,2.5351,30.94
284495,30.84,76.34,0.025,26.19,-5.0702,30.94
284811,30.86,76.38,0.035,26.22,3.0421,30.94
285127,30.87,76.40,0.030,26.23,2.0281,30.94
285443,30.88,76.38,0.034,26.24,2.5351,30.94
285759,30.89,76.38,0.036,26.25,1.5211,30.94
286075,30.91,76.40,0.031,26.27,3.0421,30.94
286391,30.90,76.39,0.033,26.26,-1.0140,30.94
286707,30.90,76.37,0.035,26.26,0.0000,30.94
287023,30.88,76.36,0.041,26.24,-4.0561,30.94
287339,30.89,76.40,0.026,26.25,1.5211,30.94
287655,30.91,76.39,0.040,26.27,4.0561,30.94
287971,30.89,76.36,0.034,26.24,-4.5632,30.94
288287,30.90,76.38,0.044,26.26,2.5351,30.94
288603,30.90,76.35,0.028,26.26,1.0140,30.94
288919,30.90,76.35,0.039,26.25,-1.0140,30.94
289235,30.91,76.34,0.036,26.26,1.5211,30.94
289551,30.90,76.35,0.030,26.26,-0.5070,30.94
289867,30.91,76.35,0.039,26.26,0.5070,30.94
290183,30.91,76.33,0.036,26.26,0.5070,30.94
290499,30.89,76.32,0.027,26.24,-3.5491,30.94
290815,30.87,76.31,0.032,26.22,-4.0561,30.94
291131,30.90,76.30,0.039,26.24,5.0702,30.94
291447,30.87,76.35,0.048,26.23,-4.0561,30.94
291763,30.88,76.32,0.027,26.22,0.5070,30.94
292079,30.88,76.35,0.038,26.23,0.5070,30.94
292395,30.89,76.38,0.037,26.25,2.0281,30.94
292711,30.87,76.38,0.032,26.24,-3.0421,30.94
293027,30.90,76.34,0.030,26.25,4.0561,30.94
293343,30.91,76.35,0.032,26.26,2.0281,30.94
293659,30.87,76.34,0.038,26.22,-6.5912,30.94
293975,30.87,76.35,0.025,26.22,-1.0140,30.94
294291,30.87,76.37,0.039,26.23,0.5070,30.94
294607,30.87,76.39,0.037,26.24,0.5070,30.94
294923,30.86,76.37,0.031,26.22,-3.0421,30.94
295239,30.82,76.41,0.032,26.19,-7.0982,30.94
295555,30.85,76.40,0.032,26.22,6.5912,30.94
295871,30.85,76.44,0.033,26.22,-1.5211,30.94
296187,30.83,76.44,0.033,26.20,-3.5491,30.94
296503,30.85,76.42,0.049,26.22,3.5491,30.94
296819,30.84,76.46,0.028,26.22,-0.5070,30.94
297135,30.84,76.46,0.037,26.22,-1.0140,30.94
297451,30.84,76.45,0.031,26.22,1.0140,30.94
297767,30.83,76.46,0.034,26.21,-3.0421,30.94
298083,30.83,76.47,0.029,26.21,0.5070,30.94
298399,30.83,76.46,0.032,26.21,0.5070,30.94
298715,30.83,76.47,0.037,26.21,-1.0140,30.94
299031,30.82,76.51,0.032,26.21,-2.0281,30.94
299347,30.83,76.49,0.029,26.21,2.0281,30.94
299663,30.82,76.52,0.035,26.21,-2.0281,30.94
299979,30.83,76.56,0.033,26.23,2.5351,30.94
300295,30.82,76.58,0.028,26.23,-2.0281,30.94
300611,30.82,76.56,0.032,26.22,-0.5070,30.94
300927,30.80,76.60,0.022,26.21,-2.5351,30.94
301243,30.80,76.62,0.034,26.22,0.0000,30.94
301559,30.82,76.63,0.025,26.24,3.0421,30.94
301875,30.83,76.66,0.030,26.25,1.5211,30.94
302191,30.84,76.67,0.034,26.27,2.5351,30.94
302507,30.83,76.69,0.028,26.26,-2.5351,30.94
302823,30.83,76.69,0.031,26.27,1.5211,30.94
303139,30.81,76.73,0.026,26.25,-4.5632,30.94
303455,30.81,76.71,0.039,26.25,0.0000,30.94
303771,30.82,76.74,0.035,26.26,1.0140,30.94
304087,30.81,76.74,0.027,26.25,-1.0140,30.94
304403,30.81,76.74,0.025,26.26,0.5070,30.94
304719,30.81,76.72,0.033,26.25,-0.5070,30.94
305035,30.83,76.73,0.040,26.27,3.0421,30.94
305351,30.82,76.70,0.028,26.25,-2.0281,30.94
305667,30.81,76.71,0.026,26.25,-1.0140,30.94
305983,30.78,76.72,0.029,26.22,-6.0842,30.94
306299,30.83,76.74,0.082,26.27,9.6333,30.94
306615,30.85,76.75,0.079,26.29,3.0421,30.94
306931,30.85,76.77,0.448,26.30,1.5211,30.94
307247,30.87,76.77,0.676,26.32,3.5491,30.94
307563,30.89,76.80,0.718,26.35,4.0561,30.94
307879,30.91,76.80,0.852,26.36,3.0421,30.94
308195,30.91,76.80,0.896,26.36,0.5070,30.94
308511,30.95,76.82,0.785,26.40,6.5912,30.94
308827,30.95,76.76,0.971,26.40,1.5211,30.94
309143,30.98,76.75,1.043,26.42,4.5632,30.94
309459,30.98,76.72,1.066,26.41,0.5070,30.94
309775,31.02,76.70,1.032,26.44,7.0982,30.94
310091,31.01,76.64,1.105,26.42,-2.0281,30.94
310407,31.02,76.61,0.920,26.43,3.0421,30.94
310723,31.02,76.57,0.484,26.42,-0.5070,30.94
311039,31.05,76.55,0.613,26.44,4.5632,30.94
311355,31.07,76.52,0.679,26.45,4.0561,30.94
311671,31.08,76.49,0.455,26.46,2.0281,30.94
311987,31.09,76.46,0.489,26.46,2.0281,30.94
312303,31.07,76.40,0.432,26.42,-4.0561,30.94
312619,31.10,76.37,0.484,26.45,5.5772,30.94
312935,31.11,76.33,0.498,26.45,3.0421,30.94
313251,31.09,76.28,0.431,26.42,-3.5491,30.94
313567,31.11,76.24,0.645,26.43,3.5491,30.94
313883,31.14,76.19,0.349,26.45,5.0702,30.94
314199,31.13,76.15,0.252,26.43,-1.0140,30.94
314515,31.15,76.08,0.249,26.43,2.5351,30.94
314831,31.19,76.08,0.283,26.47,7.6053,30.94
315147,31.17,76.04,0.271,26.45,-2.5351,30.94
315463,31.18,76.00,0.270,26.44,0.5070,30.94
315779,31.20,75.94,0.310,26.45,4.5632,30.94
316095,31.18,75.95,0.350,26.44,-3.0421,30.94
316411,31.20,75.88,0.340,26.44,3.0421,30.94
316727,31.20,75.85,0.280,26.43,-1.0140,30.94
317043,31.22,75.83,0.240,26.45,4.5632,30.94
317359,31.21,75.77,0.217,26.42,-1.5211,30.94
317675,31.22,75.76,0.326,26.43,2.0281,30.94
317991,31.23,75.72,0.118,26.43,1.0140,30.94
2 Tests 0 Failures 0 Ignored 
